{"cameraMode":{"drawMode":0,"name":"Shaded","section":"Shading Mode"},"sceneLighting":true,"audioPlay":false,"sceneViewState":{"m_AlwaysRefresh":false,"showFog":true,"showSkybox":true,"showFlares":true,"showImageEffects":true,"showParticleSystems":true,"showVisualEffectGraphs":true,"m_FxEnabled":true},"in2DMode":false,"pivot":{"x":6.650589466094971,"y":-2.741486072540283,"z":9.07883071899414},"rotation":{"x":0.17194285988807679,"y":-0.00886981375515461,"z":0.0015488216886296869,"w":0.9850618243217468},"size":10.525969505310059,"orthographic":false}